pressure,voltage
1,0.0052663605
2,0.0057613105
3,0.0076410733
4,0.0050216224
5,0.0047047497
6,0.005849754
7,0.0064100823
8,0.006880766
9,0.0041293995
10,0.0043800385
11,0.009185318
12,0.00792721
13,0.0050105965
14,0.006596934
